{
  "randomness_generators": {
    "binary_01": {
      "mean": 0.56,
      "std": 0.4963869458396343,
      "min": 0.0,
      "max": 1.0,
      "is_complex": false,
      "has_inf": false,
      "has_nan": false,
      "status": "OK"
    },
    "binary_pm1": {
      "mean": -0.18,
      "std": 0.983666610188635,
      "min": -1.0,
      "max": 1.0,
      "is_complex": false,
      "has_inf": false,
      "has_nan": false,
      "status": "OK"
    },
    "uniform_01": {
      "mean": 0.5199796761878681,
      "std": 0.277961640351379,
      "min": 0.02885791333612453,
      "max": 0.9919266183081108,
      "is_complex": false,
      "has_inf": false,
      "has_nan": false,
      "status": "OK"
    },
    "uniform_pm1": {
      "mean": -0.022811383259468833,
      "std": 0.5469023128444482,
      "min": -0.9843101575187536,
      "max": 0.8718111706396321,
      "is_complex": false,
      "has_inf": false,
      "has_nan": false,
      "status": "OK"
    },
    "gaussian_std": {
      "mean": -0.1231182193921396,
      "std": 0.9708876212678541,
      "min": -2.2599013674584763,
      "max": 2.2578563002576475,
      "is_complex": false,
      "has_inf": false,
      "has_nan": false,
      "status": "OK"
    },
    "levy_flight": {
      "mean": 0.2467372404326568,
      "std": 2.4818466372090593,
      "min": -8.294232778405325,
      "max": 16.882952424647012,
      "is_complex": false,
      "has_inf": false,
      "has_nan": false,
      "status": "OK"
    },
    "power_law": {
      "mean": 1.8152210492970662,
      "std": 1.4175496054207426,
      "min": 1.000940470452599,
      "max": 10.394282547777625,
      "is_complex": false,
      "has_inf": false,
      "has_nan": false,
      "status": "OK"
    },
    "exponential": {
      "mean": 0.9519722715369043,
      "std": 0.9969438710745566,
      "min": 0.004811380969675987,
      "max": 5.519226153335959,
      "is_complex": false,
      "has_inf": false,
      "has_nan": false,
      "status": "OK"
    },
    "cauchy": {
      "mean": 2.359688322074476,
      "std": 23.8475715594793,
      "min": -19.029269306159573,
      "max": 235.58006441063307,
      "is_complex": false,
      "has_inf": false,
      "has_nan": false,
      "status": "OK"
    },
    "log_normal": {
      "mean": 1.6101584489007812,
      "std": 2.3547302807112684,
      "min": 0.07426461391967117,
      "max": 13.352381004088718,
      "is_complex": false,
      "has_inf": false,
      "has_nan": false,
      "status": "OK"
    },
    "student_t": {
      "mean": -0.05742289200258483,
      "std": 1.3167649002537336,
      "min": -4.069090143540024,
      "max": 6.400116621773617,
      "is_complex": false,
      "has_inf": false,
      "has_nan": false,
      "status": "OK"
    },
    "complex_gaussian": {
      "mean": -0.017538683418742887,
      "std": 0.6769586430350166,
      "min": -2.0837759569629752,
      "max": 1.5352651953211116,
      "is_complex": true,
      "has_inf": false,
      "has_nan": false,
      "status": "OK"
    },
    "complex_uniform": {
      "mean": -0.1334199207950006,
      "std": 0.5866668723285041,
      "min": -0.9910366133489423,
      "max": 0.9751915490265619,
      "is_complex": true,
      "has_inf": false,
      "has_nan": false,
      "status": "OK"
    },
    "fractional_brownian": {
      "mean": -0.5252205155751625,
      "std": 0.9999999999999998,
      "min": -3.5446227893381588,
      "max": 2.9479217497325942,
      "is_complex": false,
      "has_inf": false,
      "has_nan": false,
      "status": "OK"
    },
    "pink_noise": {
      "mean": 79683659.42145863,
      "std": 1.000000000253414,
      "min": 79683657.41949438,
      "max": 79683661.39886674,
      "is_complex": false,
      "has_inf": false,
      "has_nan": false,
      "status": "OK"
    },
    "correlated_binary": {
      "mean": 0.04,
      "std": 0.9991996797437436,
      "min": -1.0,
      "max": 1.0,
      "is_complex": false,
      "has_inf": false,
      "has_nan": false,
      "status": "OK"
    },
    "mix_gauss_cauchy": {
      "mean": 9.610875957438315,
      "std": 92.94057478689302,
      "min": -3.3810137778905265,
      "max": 934.0921088151944,
      "is_complex": false,
      "has_inf": false,
      "has_nan": false,
      "status": "OK"
    }
  },
  "hybrid_models": {
    "gaussian_std_time_evolution": {
      "randomness_type": "gaussian_std",
      "hybrid_type": "time_evolution",
      "time_series_length": 500,
      "time_series_mean": 0.026299974827820947,
      "time_series_std": 0.4026668527022201,
      "interaction_events": 70,
      "interaction_rate": 0.1402805611222445,
      "ts_min": -1.4823426549631789,
      "ts_max": 1.3647945742025636,
      "status": "OK"
    },
    "gaussian_std_rmt_based": {
      "randomness_type": "gaussian_std",
      "hybrid_type": "rmt_based",
      "time_series_length": 500,
      "time_series_mean": 2.296227707156348,
      "time_series_std": 0.7350076185882919,
      "interaction_events": 74,
      "interaction_rate": 0.14829659318637275,
      "ts_min": 0.7772607013985599,
      "ts_max": 3.636820622809507,
      "status": "OK"
    },
    "gaussian_std_oscillator_network": {
      "randomness_type": "gaussian_std",
      "hybrid_type": "oscillator_network",
      "time_series_length": 500,
      "time_series_mean": 8.861540257746939e+117,
      "time_series_std": 1.0289993502298185e+119,
      "interaction_events": 84,
      "interaction_rate": 0.1683366733466934,
      "ts_min": 11.617902193011156,
      "ts_max": 1.8931437838701318e+120,
      "status": "OK"
    },
    "complex_gaussian_time_evolution": {
      "randomness_type": "complex_gaussian",
      "hybrid_type": "time_evolution",
      "time_series_length": 500,
      "time_series_mean": -0.0913948658518324,
      "time_series_std": 0.33332419406839425,
      "interaction_events": 68,
      "interaction_rate": 0.13627254509018036,
      "ts_min": -1.3175944048496482,
      "ts_max": 0.8170295427504737,
      "status": "OK"
    },
    "complex_gaussian_rmt_based": {
      "randomness_type": "complex_gaussian",
      "hybrid_type": "rmt_based",
      "time_series_length": 500,
      "time_series_mean": 1.3056467020338718,
      "time_series_std": 0.621062581876307,
      "interaction_events": 76,
      "interaction_rate": 0.1523046092184369,
      "ts_min": 0.1523353837222709,
      "ts_max": 2.911899528620449,
      "status": "OK"
    },
    "complex_gaussian_oscillator_network": {
      "randomness_type": "complex_gaussian",
      "hybrid_type": "oscillator_network",
      "time_series_length": 500,
      "time_series_mean": 1.734772360358757e+116,
      "time_series_std": 2.0144123703154285e+117,
      "interaction_events": 82,
      "interaction_rate": 0.16432865731462926,
      "ts_min": 4.901212162840469,
      "ts_max": 3.706097828023065e+118,
      "status": "OK"
    },
    "pink_noise_time_evolution": {
      "randomness_type": "pink_noise",
      "hybrid_type": "time_evolution",
      "time_series_length": 500,
      "time_series_mean": -6951949.021501836,
      "time_series_std": 1336412.5826231646,
      "interaction_events": 70,
      "interaction_rate": 0.1402805611222445,
      "ts_min": -10105287.350369548,
      "ts_max": -5085072.367480633,
      "status": "OK"
    },
    "pink_noise_rmt_based": {
      "randomness_type": "pink_noise",
      "hybrid_type": "rmt_based",
      "time_series_length": 500,
      "time_series_mean": 1.5866257321263295,
      "time_series_std": 0.603398035263605,
      "interaction_events": 82,
      "interaction_rate": 0.16432865731462926,
      "ts_min": 0.4952457365506182,
      "ts_max": 3.004896170853007,
      "status": "OK"
    },
    "pink_noise_oscillator_network": {
      "randomness_type": "pink_noise",
      "hybrid_type": "oscillator_network",
      "time_series_length": 500,
      "time_series_mean": 8.930580561145082e+133,
      "time_series_std": 1.037016289189387e+135,
      "interaction_events": 69,